{
  "feature_names": [
    "temperature",
    "fievre",
    "maux_tete",
    "fatigue",
    "hallucinations",
    "vomissements"
  ],
  "classes": [
    "Normal",
    "Paludisme Simple",
    "Paludisme S\u00e9v\u00e8re"
  ],
  "scaler_mean": [
    38.33611521776728,
    0.6666666666666666,
    0.6004166666666667,
    0.6945833333333333,
    0.23791666666666667,
    0.4320833333333333
  ],
  "scaler_scale": [
    1.3268997083998,
    0.4714045207910317,
    0.48981271222331046,
    0.4605836801156647,
    0.4258078514880731,
    0.4953658510524206
  ]
}